email,password
user_1_01@gmail.com,admin123@
user_1_11@gmail.com,admin123@
user_1_21@gmail.com,admin123@
user_1_31@gmail.com,admin123@  
user_1_41@gmail.com,admin123@
user_1_51@gmail.com,admin123@
user_1_61@gmail.com,admin123@
user_1_71@gmail.com,admin123@
user_1_81@gmail.com,admin123@
user_5f70be5f-b347-4bb5-aec8-b3aa2bad3841@gmail.com,admin123@
user_93e499de-5dd5-4099-9f8f-ae026253cf2f@gmail.com,admin123@
user_d86e3fa7-56fb-473f-ba60-648b83d7c43b@gmail.com,admin123@
user_1ffa07b4-2274-42e4-b161-6f81ff6c5856@gmail.com,admin123@
user_0e332bbd-bfb2-4235-a3ee-96dbba97a3cc@gmail.com,admin123@